-- phpMyAdmin SQL Dump
-- version 4.5.1
-- http://www.phpmyadmin.net
--
-- Host: 127.0.0.1
-- Generation Time: Mar 17, 2017 at 10:44 AM
-- Server version: 10.1.16-MariaDB
-- PHP Version: 5.5.38

SET SQL_MODE = "NO_AUTO_VALUE_ON_ZERO";
SET time_zone = "+00:00";


/*!40101 SET @OLD_CHARACTER_SET_CLIENT=@@CHARACTER_SET_CLIENT */;
/*!40101 SET @OLD_CHARACTER_SET_RESULTS=@@CHARACTER_SET_RESULTS */;
/*!40101 SET @OLD_COLLATION_CONNECTION=@@COLLATION_CONNECTION */;
/*!40101 SET NAMES utf8mb4 */;

--
-- Database: `bnews`
--

-- --------------------------------------------------------

--
-- Table structure for table `category`
--

CREATE TABLE `category` (
  `id_cat` int(255) NOT NULL,
  `name` varchar(120) COLLATE utf8_unicode_ci NOT NULL
) ENGINE=InnoDB DEFAULT CHARSET=utf8 COLLATE=utf8_unicode_ci;

--
-- Dumping data for table `category`
--

INSERT INTO `category` (`id_cat`, `name`) VALUES
(2, 'Giải trí'),
(3, 'Bóng đá'),
(31, 'Ẩm thực'),
(32, 'Giáo dục');

-- --------------------------------------------------------

--
-- Table structure for table `news`
--

CREATE TABLE `news` (
  `id_news` int(255) NOT NULL,
  `name` varchar(200) COLLATE utf8_unicode_ci NOT NULL,
  `preview_text` text COLLATE utf8_unicode_ci NOT NULL,
  `detail_text` text COLLATE utf8_unicode_ci,
  `id_cat` int(255) NOT NULL,
  `picture` varchar(120) COLLATE utf8_unicode_ci NOT NULL
) ENGINE=InnoDB DEFAULT CHARSET=utf8 COLLATE=utf8_unicode_ci;

--
-- Dumping data for table `news`
--

INSERT INTO `news` (`id_news`, `name`, `preview_text`, `detail_text`, `id_cat`, `picture`) VALUES
(80, 'Ồ ạt tuyển thẳng đại học: Bộ GD-ĐT lên tiến', '"Nhiều trường nới rộng đối tượng tuyển thẳng vào đại học, Bộ GD-ĐT đã yêu cầu các trường điều chỉnh lại đề án tuyển sinh cho phù hợp", Thứ trưởng Bộ GD&ĐT Bùi Văn Ga cho biết.', '<p style="text-align:justify"><em>Thưa &ocirc;ng, năm nay c&oacute; một số trường nới rộng đối tượng tuyển thẳng. Việc n&agrave;y c&oacute; vi phạm quy chế của Bộ GD&amp;ĐT kh&ocirc;ng? V&igrave; trong đối tượng tuyển&nbsp;thẳng Bộ quy định, kh&ocirc;ng c&oacute; th&iacute; sinh tham gia cuộc thi Tuần Đường l&ecirc;n đỉnh Olympia của Đ&agrave;i truyền h&igrave;nh&nbsp;Việt Nam?</em></p>\r\n\r\n<p style="text-align:justify">Cần ph&acirc;n biệt qui định x&eacute;t tuyển thẳng theo qui chế v&agrave; phương thức x&eacute;t tuyển ri&ecirc;ng&nbsp;của c&aacute;c trường. Qui định x&eacute;t tuyển thẳng theo qui chế chỉ li&ecirc;n quan đến c&aacute;c đối tượng quy định tại Khoản 2, 3 Điều 7 của Quy chế&nbsp;<a class="TextlinkBaiviet" href="http://www.24h.com.vn/tuyen-sinh-dh-cd-c365.html" style="text-decoration-line: none; color: rgb(0, 0, 255);" title="tuyển sinh">tuyển sinh</a>&nbsp;(Học sinh đoạt giải trong kỳ thi học sinh giỏi quốc gia, quốc tế v&agrave; học sinh đoạt giải tại kỳ thi khoa học kỹ thuật)&nbsp; v&agrave; mở rộng tại Khoản 2 Điều 3 đối với c&aacute;c trường sư phạm (học sinh giỏi c&aacute;c trường THPT chuy&ecirc;n).&nbsp;</p>\r\n\r\n<p style="text-align:justify">C&aacute;c trường căn cứ hướng dẫn x&eacute;t tuyển thẳng v&agrave; ưu ti&ecirc;n x&eacute;t tuyển của Bộ GD&amp;ĐT để quy định cụ thể v&agrave; c&ocirc;ng bố c&ocirc;ng khai điều kiện, chỉ ti&ecirc;u x&eacute;t tuyển thẳng đối với c&aacute;c đối tượng n&agrave;y v&agrave;o c&aacute;c ng&agrave;nh học của trường. Do đối tượng x&eacute;t tuyển thẳng c&oacute; quy tr&igrave;nh ri&ecirc;ng biệt n&ecirc;n thủ tục, thời hạn x&eacute;t tuyển thẳng cũng được thực hiện ri&ecirc;ng (từ 20/5 đến 15/7/2017).</p>\r\n\r\n<p style="text-align:justify">C&aacute;c trường kh&ocirc;ng được mở rộng đối tượng x&eacute;t tuyển thẳng đ&atilde; quy định. Tr&ecirc;n thực tế, nếu c&aacute;c trường c&oacute; mở rộng đối tượng x&eacute;t tuyển thẳng th&igrave; cũng kh&ocirc;ng thể thực hiện được qui tr&igrave;nh x&eacute;t tuyển thẳng cho c&aacute;c đối tượng n&agrave;y.</p>\r\n\r\n<p style="text-align:justify">Trong khi đ&oacute;, x&eacute;t tuyển ri&ecirc;ng l&agrave; một trong những phương thức tuyển sinh m&agrave; c&aacute;c trường c&oacute; thể lựa chọn. C&aacute;c qui định về x&eacute;t tuyển chỉ c&oacute; gi&aacute; trị &aacute;p dụng ri&ecirc;ng cho từng trường. Luật GDĐH qui định &ldquo;Cơ sở&nbsp;<a class="TextlinkBaiviet" href="http://www.24h.com.vn/giao-duc-du-hoc-c216.html" style="text-decoration-line: none; color: rgb(0, 0, 255);" title="giáo dục">gi&aacute;o dục</a>&nbsp;đại học tự chủ quyết định phương thức tuyển sinh v&agrave; chịu tr&aacute;ch nhiệm về c&ocirc;ng t&aacute;c tuyển sinh&rdquo;.&nbsp;</p>\r\n\r\n<p style="text-align:justify">Phương thức tuyển sinh gồm: thi tuyển, x&eacute;t tuyển hoặc kết hợp giữa thi tuyển v&agrave; x&eacute;t tuyển. X&eacute;t tuyển c&oacute; thể dựa v&agrave;o kết quả kỳ thi TH PTQG, kết quả học tập phổ th&ocirc;ng, kết quả thi của trường/nh&oacute;m trường kh&aacute;c&hellip; hoặc kết hợp nhiều ti&ecirc;u ch&iacute; x&eacute;t tuyển.</p>\r\n\r\n<p style="text-align:justify">Thực tế, trong Đề &aacute;n tuyển sinh ri&ecirc;ng của một số trường c&oacute; nội dung x&eacute;t tuyển đối với học sinh đ&atilde; tốt nghiệp THPT loại giỏi, ba năm học sinh giỏi, học trường chuy&ecirc;n, c&oacute; chứng chỉ tiếng Anh quốc tế, đ&atilde; tham dự cuộc thi Đường l&ecirc;n đỉnh Olympia... với những qui định cụ thể về điều kiện v&agrave; tỷ lệ chỉ ti&ecirc;u x&eacute;t tuyển c&aacute;c đối tượng n&agrave;y.&nbsp;</p>\r\n\r\n<p style="text-align:justify">Việc x&eacute;t tuyển ri&ecirc;ng như vậy kh&ocirc;ng vi phạm quy chế m&agrave; thuộc thẩm quyền tự chủ của c&aacute;c trường theo qui định của Luật GDĐH. Để đảm bảo cung cấp đầy đủ th&ocirc;ng tin cho th&iacute; sinh tham khảo, Bộ GD&amp;ĐT y&ecirc;u cầu c&aacute;c trường&nbsp;c&ocirc;ng bố c&ocirc;ng khai c&aacute;c th&ocirc;ng tin x&eacute;t tuyển thẳng, ưu ti&ecirc;n x&eacute;t tuyển, qui định tuyển sinh ri&ecirc;ng&nbsp;trong Đề &aacute;n tuyển sinh của trường trước ng&agrave;y 20/3.</p>\r\n\r\n<p style="text-align:justify">Thời gian qua một số trường th&ocirc;ng b&aacute;o x&eacute;t tuyển thẳng một số đối tượng th&iacute; sinh. Thực chất đ&oacute; chỉ l&agrave; x&eacute;t tuyển ri&ecirc;ng theo đề &aacute;n tuyển sinh của trường. Bộ đ&atilde; y&ecirc;u cầu c&aacute;c trường n&agrave;y điều chỉnh lại đề &aacute;n tuyển sinh cho ph&ugrave; hợp với quy chế.</p>\r\n\r\n<p style="text-align:justify"><em>C&aacute;c trường C&ocirc;ng an Nh&acirc;n d&acirc;n chỉ cộng điểm ưu ti&ecirc;n khi x&eacute;t tuyển th&iacute; sinh đạt giải học sinh giỏi quốc gia, học sinh đạt giải cuộc thi khoa học kỹ thuật cấp quốc gia m&agrave; kh&ocirc;ng x&eacute;t tuyển thẳng c&aacute;c đối tượng th&iacute; sinh n&agrave;y. Qui định như vậy c&oacute; vi phạm qui chế tuyển sinh kh&ocirc;ng?</em></p>\r\n\r\n<p style="text-align:justify">C&aacute;c nội dung quy định về tuyển thẳng, ưu ti&ecirc;n x&eacute;t tuyển v&agrave;o c&aacute;c trường CAND n&ecirc;u tr&ecirc;n đ&atilde; được Bộ C&ocirc;ng an &aacute;p dụng từ năm 2016, xuất ph&aacute;t từ y&ecirc;u cầu đặc th&ugrave; của ng&agrave;nh: chỉ ti&ecirc;u tuyển sinh l&agrave; chỉ ti&ecirc;u bi&ecirc;n chế v&agrave;o ng&agrave;nh n&ecirc;n phải thực hiện chỉ ti&ecirc;u ch&iacute;nh x&aacute;c, chặt chẽ về số lượng, chất lượng theo y&ecirc;u cầu đ&agrave;o tạo của lực lượng c&ocirc;ng an nh&acirc;n d&acirc;n.&nbsp;</p>\r\n\r\n<p style="text-align:justify">Trong khi đ&oacute; số lượng đăng k&yacute; x&eacute;t tuyển của th&iacute; sinh v&agrave;o c&aacute;c trường CAND ng&agrave;y c&agrave;ng tăng, lại tập trung v&agrave;o những th&iacute; sinh c&oacute;&nbsp;<a class="TextlinkBaiviet" href="http://diemthi.24h.com.vn/" style="text-decoration-line: none; color: rgb(0, 0, 255);" title="điểm thi">điểm thi</a>&nbsp;rất cao. V&igrave; thế c&aacute;c trường CAND c&oacute; những qui định khắt khe hơn để đảm bảo đ&uacute;ng tỷ lệ tuyển thẳng theo quy định của ng&agrave;nh. C&aacute;c qui định n&agrave;y cũng kh&ocirc;ng tr&aacute;i với Quy chế tuyển sinh.&nbsp;</p>\r\n\r\n<p style="text-align:justify">Qui chế qui định c&aacute;c trường căn cứ hướng dẫn x&eacute;t tuyển thẳng v&agrave; ưu ti&ecirc;n x&eacute;t tuyển của Bộ GDĐT để quy định cụ thể, c&ocirc;ng bố c&ocirc;ng khai điều kiện x&eacute;t tuyển thẳng v&agrave; điều kiện ưu ti&ecirc;n x&eacute;t tuyển v&agrave;o c&aacute;c ng&agrave;nh học.&nbsp;</p>\r\n\r\n<p style="text-align:justify">Mặt kh&aacute;c để đảm bảo t&iacute;nh đặc th&ugrave; trong tuyển sinh của c&aacute;c trường thuộc Bộ Quốc ph&ograve;ng v&agrave; Bộ C&ocirc;ng an, qui chế cũng qui định th&iacute; sinh đăng k&yacute; x&eacute;t tuyển v&agrave;o c&aacute;c trường n&agrave;y, ngo&agrave;i c&aacute;c qui định chung của qui chế tuyển sinh c&ograve;n tu&acirc;n thủ c&aacute;c qui định của c&aacute;c Bộ li&ecirc;n quan.</p>\r\n\r\n<p style="text-align:justify">Đối với những trường d&acirc;n sự c&oacute; nhiều th&iacute; sinh điểm cao, th&iacute; sinh thuộc đối tượng x&eacute;t tuyển thẳng đăng k&yacute; x&eacute;t tuyển cũng c&oacute; thể quy định về điều kiện x&eacute;t tuyển thẳng cao hơn c&aacute;c điều kiện chung của Quy chế tuyển sinh để n&acirc;ng cao chất lượng đ&agrave;o tạo, đảm bảo tỷ lệ chỉ ti&ecirc;u tuyển thẳng hợp l&yacute;, kh&ocirc;ng l&agrave;m hạn hẹp cơ hội tr&uacute;ng tuyển đối với c&aacute;c th&iacute; sinh c&oacute; kết quả thi cao.</p>\r\n\r\n<p style="text-align:justify"><em>Năm nay, Bộ cho ph&eacute;p c&aacute;c trường ĐH đ&agrave;o tạo sư phạm c&oacute; thể tuyển thẳng đối tượng l&agrave; học sinh giỏi c&aacute;c trường THPT chuy&ecirc;n tr&ecirc;n to&agrave;n quốc, cho đến giờ, trong phương &aacute;n tuyển sinh của c&aacute;c trường c&oacute; đ&agrave;o tạo sư phạm, c&oacute; bao nhi&ecirc;u trường tuyển thẳng đối tượng n&agrave;y, thưa &ocirc;ng?</em></p>\r\n\r\n<p style="text-align:justify">Để n&acirc;ng cao chất lượng nguồn tuyển cho c&aacute;c trường sư phạm, Khoản 2 Điều 3 quy chế tuyển sinh năm nay cho ph&eacute;p trường đ&agrave;o tạo sư phạm c&oacute; thể mở rộng diện x&eacute;t tuyển thẳng đối với c&aacute;c học sinh đ&atilde; tốt nghiệp trường THPT chuy&ecirc;n của c&aacute;c tỉnh, th&agrave;nh phố v&agrave;o học c&aacute;c ng&agrave;nh ph&ugrave; hợp với m&ocirc;n học chuy&ecirc;n hoặc m&ocirc;n đoạt giải nếu đ&aacute;p ứng điều kiện: ba năm học THPT chuy&ecirc;n đạt học sinh giỏi hoặc đoạt giải nhất, nh&igrave;, ba trong c&aacute;c kỳ thi học sinh giỏi cấp tỉnh v&agrave; c&aacute;c điều kiện kh&aacute;c do trường quy định trong đề &aacute;n tuyển sinh của trường.&nbsp;</p>\r\n\r\n<p style="text-align:justify">Năm nay chỉ ti&ecirc;u c&aacute;c trường sư phạm tiếp tục giảm 20% so với năm 2016 n&ecirc;n c&aacute;c trường sẽ c&acirc;n nhắc việc ph&acirc;n bố chỉ ti&ecirc;u ph&ugrave; hợp để x&eacute;t tuyển thẳng. Theo lịch tuyển sinh, đến ng&agrave;y 20/3 tất cả c&aacute;c trường phải c&ocirc;ng khai đề &aacute;n tuyển sinh tr&ecirc;n cổng th&ocirc;ng tin tuyển sinh của Bộ.&nbsp;</p>\r\n\r\n<p style="text-align:justify">Do chưa hết thời gian qui định n&ecirc;n Bộ chưa thống k&ecirc; được c&oacute; bao nhi&ecirc;u trường ĐH sư phạm x&eacute;t tuyển thẳng đối tượng học sinh giỏi c&aacute;c trường THPT chuy&ecirc;n đến thời điểm hiện nay.</p>\r\n', 32, 'VNE-1489495080.jpg'),
(82, '8 món mì lãng mạn nhất cho ngày Valentine', 'Những món ăn từ mì luôn mang lại hương vị đặc biệt cho các cặp tình nhân trong ngày Valentine.', '<p><span style="color:rgb(0, 0, 0); font-family:arial,helvetica,sans-serif">M&oacute;n ăn được chế biến rất đơn giản với m&igrave; Spaghetti kết hợp c&ugrave;ng s&ograve; biển v&agrave; th&ecirc;m một ch&uacute;t b&aacute;nh m&igrave; vụn</span></p>\r\n\r\n<p><span style="color:rgb(0, 0, 0); font-family:arial,helvetica,sans-serif">M&oacute;n ăn được chế biến tuyết vời nhất với t&ocirc;m h&ugrave;m sống lấy trực tiếp từ thuyền đ&aacute;nh c&aacute; tr&ecirc;n đảo Angel ở vịnh San Francisco v&agrave; bơ từ sữa b&ograve; tr&ecirc;n h&ograve;n đảo n&agrave;y.</span></p>\r\n', 31, 'VNE-1489497900.jpg'),
(83, 'Valentine trắng lãng mạn với chocolate trái tim', 'Chỉ mất vài phút, bạn sẽ không thể ngờ cách làm siêu đơn giản này lại cho ra những viên chocolate đáng yêu như vậy.', '<p style="text-align:justify">&nbsp;Xịt kem tươi l&ecirc;n v&agrave; trang tr&iacute; th&ecirc;m t&ugrave;y th&iacute;ch.</p>\r\n\r\n<p style="text-align:justify">Chỉ mất v&agrave;i ph&uacute;t, bạn đ&atilde; c&oacute; ngay m&oacute;n qu&agrave; tuyệt vời d&agrave;nh tặng người y&ecirc;u rồi. Ngo&agrave;i tr&aacute;i c&acirc;y, bạn cũng c&oacute; thể bỏ v&agrave;o trong chocolate một v&agrave;i m&oacute;n qu&agrave; bất ngờ kh&aacute;c nữa đấy.</p>\r\n', 31, 'VNE-1489497860.jpg'),
(84, 'Tạo bất ngờ cho người ấy với bánh phô mai trái tim siêu đẹp', 'Từ lớp bột nhào mịn màu đỏ như nhung, trộn với phô mai béo ngậy và dậy thơm mùi sữa cùng vani sẽ mang lại niềm vui cho bất kỳ ai được thưởng thức món bánh tuyệt vời này. Còn chần chừ gì nữa, hãy tạo bất ngờ cho người ấy trong ngày Valentine trắng thôi nào!', '<p style="text-align:justify">- L&agrave;m n&oacute;ng l&ograve; l&ecirc;n 180&ordm;C. D&ugrave;ng dầu ăn, hoặc bơ phết v&agrave;o khay để chống d&iacute;nh.</p>\r\n\r\n<p style="text-align:justify">- Trộn đều trứng, dầu thực vật, 30ml sữa, vani, m&agrave;u thực phẩm v&agrave; giấm trắng v&agrave;o một t&ocirc; lớn. Tiếp tục cho bột, đường, bột ca cao, muối, bột nở v&agrave;o t&ocirc; v&agrave; trộn đều tới khi nhuyễn,tạo th&agrave;nh lớp bột mềm dẻo v&agrave; hơi đặc.</p>\r\n\r\n<p style="text-align:justify">- Đổ 3/4 hỗn hợp bột tr&ecirc;n v&agrave;o khay b&aacute;nh đ&atilde; được phết dầu ăn, d&ugrave;ng phới trộn để d&agrave;n phẳng bột tr&ecirc;n khay.</p>\r\n\r\n<p style="text-align:justify">Th&ecirc;m 45ml sữa v&agrave;o 1/4 t&ocirc; bột c&ograve;n lại, trộn đều.</p>\r\n\r\n<p style="text-align:justify">- Đ&aacute;nh đều kem ph&ocirc; mai v&agrave; đường tới khi b&ocirc;ng mịn (trong khoảng 2 ph&uacute;t). Th&ecirc;m trứng v&agrave; vani v&agrave;o trộn đều.</p>\r\n\r\n<p style="text-align:justify">- Đổ hỗn hợp kem ph&ocirc; mai l&ecirc;n khay b&aacute;nh, d&ugrave;ng phới trộn để d&agrave;n phẳng bột l&ecirc;n tr&ecirc;n lớp bột b&aacute;nh m&agrave;u đỏ.</p>\r\n\r\n<p style="text-align:justify">- D&ugrave;ng số bột m&agrave;u đỏ trộn c&ugrave;ng sữa khi n&atilde;y đổ l&ecirc;n tr&ecirc;n c&ugrave;ng, d&ugrave;ng mũi dao gạt l&ecirc;n bề mặt để tạo th&agrave;nh v&acirc;n b&aacute;nh.</p>\r\n\r\n<p style="text-align:justify">- Cho khay b&aacute;nh v&agrave;o l&ograve; v&agrave; nướng trong 30 ph&uacute;t.</p>\r\n', 31, 'VNE-1489494730.jpg'),
(87, 'Bỏ túi ngay 10 khu phố tràn ngập đồ ăn ngon ở TQ', 'Nếu đang có ý định du lịch Trung Quốc, bạn nên tham khảo những con phố ăn vặt nổi tiếng nơi đây.', '<p style="text-align:justify">Con phố ẩm thực ở Nam Ninh nổi tiếng đến mức kh&ocirc;ng ai kh&ocirc;ng biết đến &ndash; Đường Trung Sơn. Khắp Trung Quốc rộng lớn, c&aacute;i t&ecirc;n &ldquo;Trung Sơn&rdquo; đ&acirc;u đ&acirc;u cũng c&oacute;, chỉ duy nhất ẩm thực ở đường Trung Sơn thuộc th&agrave;nh phố Nam Ninh được ghi t&ecirc;n trong danh s&aacute;ch &ldquo;đăng k&yacute; nh&atilde;n hiệu thương gia&rdquo;. Người Nam Ninh mi&ecirc;u tả con phố n&agrave;y &ldquo;ban ng&agrave;y như căn nh&agrave; tranh, buối tối lại biến th&agrave;nh thi&ecirc;n đường&rdquo;, đ&acirc;y cũng l&agrave; ấn tượng đối với du kh&aacute;ch gh&eacute; qua.</p>\r\n\r\n<p style="text-align:justify">200 qu&aacute;n lớn nhỏ trải dọc con phố ẩm thực, từ những m&oacute;n vặt truyền thống như b&aacute;nh khoai m&ocirc;n, bỏng gậy, b&aacute;nh quẩy, thịt nướng, ốc , hoa quả chua, b&aacute;nh tr&ocirc;i nước, sủi cảo, thịt b&ograve; vi&ecirc;n, đến m&oacute;n cổ vịt từ Vũ H&aacute;n, b&aacute;nh hấp Hồng K&ocirc;ng, hạt dẻ nướng Bắc Kinh, lẩu g&agrave; V&acirc;n Nam,&hellip;.c&aacute;c m&oacute;n Đ&ocirc;ng Nam &Aacute; kh&ocirc;ng thiếu m&oacute;n n&agrave;o.</p>\r\n', 31, 'VNE-1489494633.jpg'),
(88, 'Top 10 siêu sao bị ghét nhất: Ronaldo chưa phải số 1', 'Trong thế giới bóng đá, không phải bao giờ siêu sao nào có tài năng nổi trội cũng được nhiều người quý mến. Cristiano Ronaldo với cái Tôi cá nhân quá mạnh của mình là một ví dụ.', '<p style="text-align:justify">Suarez l&agrave; mẫu tiền đạo c&oacute; thể h&igrave;nh tốt, c&oacute; tốc độ v&agrave; khả năng săn b&agrave;n đ&aacute;ng sợ nhưng anh cũng từng nhiều lần bị ch&ecirc; tr&aacute;ch v&igrave; &ldquo;cơn nghiện&rdquo; cắn người kh&ocirc;ng đ&uacute;ng l&uacute;c đ&uacute;ng chỗ của m&igrave;nh.</p>\r\n\r\n<p style="text-align:justify">Năm 2010, ch&acirc;n s&uacute;t người Uruguay khi đ&oacute; c&ograve;n kho&aacute;c &aacute;o Ajax đ&atilde; bị treo gi&ograve; 7 trận v&igrave; cắn v&agrave;o vai của Otman Bakkal (PSV). Năm 2013, Suarez bị treo gi&ograve; 10 trận do cắn v&agrave;o c&aacute;nh tay của hậu vệ phải Branislav Ivanovic (Chelsea). Năm 2014, Suarez lại cắn v&agrave;o bả vai của trung vệ Giorgio Chiellini trong trận đấu giữa Uruguay v&agrave; &Yacute; tại World Cup khiến anh bị cấm thi đấu đến 4 th&aacute;ng</p>\r\n', 3, 'VNE-1489494137.jpg'),
(101, ' Bóng đá Bóng đá Ngoại hạng Anh Ronaldo sa sút ở Champions League: Lời cảnh báo cho Real', 'Ronaldo mới chỉ có 2 bàn thắng tại Champions League và đó là “điềm báo” đen đủi của Real.', '<p style="text-align:justify">B&ecirc;n cạnh đ&oacute;,&nbsp;<a class="TextlinkBaiviet" href="http://www.24h.com.vn/cristiano-ronaldo-c48e4384.html" style="text-decoration-line: none; color: rgb(0, 0, 255);" title="Ronaldo">Ronaldo</a>&nbsp;đang l&agrave; ch&acirc;n s&uacute;t vĩ đại nhất lịch sử Champions League với 95 b&agrave;n thắng. Tuy nhi&ecirc;n, ở m&ugrave;a n&agrave;y, CR7 lại kh&aacute; v&ocirc; duy&ecirc;n ở giải đấu danh gi&aacute; nhất ch&acirc;u &Acirc;u cấp CLB. Sau 7 trận đấu, &ldquo;si&ecirc;u sao&rdquo; người Bồ Đ&agrave;o Nha mới chỉ c&oacute; 2 b&agrave;n thắng (mỗi b&agrave;n được ghi ở c&aacute;c trận gặp Sporting v&agrave; Dortmund).</p>\r\n\r\n<p style="text-align:justify">&nbsp;</p>\r\n\r\n<p style="text-align:justify">Quả thật l&agrave; một điều kh&oacute; tin, d&ugrave; ở 4 m&ugrave;a giải trước đ&acirc;y, anh đều l&agrave; &ldquo;Vua ph&aacute; lưới&rdquo; giải đấu n&agrave;y. V&agrave; theo thống k&ecirc;, tiền đạo số 7 đ&atilde; kh&ocirc;ng ghi b&agrave;n trong suốt 630 ph&uacute;t ở Champions League. Đ&acirc;y l&agrave; qu&atilde;ng thời gian tịt ng&ograve;i l&acirc;u nhất của cầu thủ n&agrave;y kể từ khi gia nhập Real Madrid tại giải đấu danh gi&aacute; nhất Lục địa gi&agrave;.</p>\r\n\r\n<p style="text-align:justify">&nbsp;</p>\r\n\r\n<p style="text-align:justify">Đ&acirc;y l&agrave; hiệu suất kh&aacute; bất thường của Ronaldo v&igrave; theo đ&aacute;nh gi&aacute; anh chơi kh&ocirc;ng đến nỗi tệ. C&ograve;n nhớ ở trận lượt đi gặp Napoli tr&ecirc;n s&acirc;n nh&agrave; Bernabeu, Ronaldo được khen ngợi nhiều sau khi thay đổi lối chơi, đ&oacute; l&agrave; hỗ trợ cho đồng đội nhiều hơn thay v&igrave; ghi b&agrave;n.</p>\r\n\r\n<p style="text-align:justify"><span style="background-color:#00FFFF">Hiện tại, Cristiano Ronaldo đang lập một kỷ lục kh&aacute;c. Cầu thủ 32 tuổi n&agrave;y đ&atilde; thực hiện 5 đường chuyền th&agrave;nh b&agrave;n ở Champions League m&ugrave;a n&agrave;y, nhiều hơn th&agrave;nh t&iacute;ch kiến tạo tại đấu trường ch&acirc;u &Acirc;u c&aacute;c m&ugrave;a trước đ&acirc;y của ch&iacute;nh anh.</span></p>\r\n\r\n<p style="text-align:justify">Nếu trong qu&atilde;ng thời gian tới,&nbsp;<u>Ronaldo</u>&nbsp;c&oacute; thể ghi th&ecirc;m 5 b&agrave;n thắng nữa. Anh sẽ vượt qua đối thủ Lionel Messi để đi v&agrave;o lịch sử giải đấu khi trở th&agrave;nh cầu thủ đầu ti&ecirc;n ghi được 100 b&agrave;n thắng.</p>\r\n', 3, 'VNE-1489493719.jpg'),
(102, 'Juventus – Porto: “Lão bà” không được chủ quan', '(Porto – Juventus, 2h45, 15/3, lượt về vòng 1/8 Champions League) Đang có lợi thế dẫn 2 bàn trên khách, Juventus vẫn không được phép chủ quan vì Porto rất muốn “nối gót” niềm cảm hứng ngược dòng không tưởng của Barcelona.', '<p style="text-align:justify">Nhận thất bại v&agrave; c&ograve;n bị thủng lưới tr&ecirc;n s&acirc;n nh&agrave;, cửa đi tiếp của Porto l&agrave; rất thấp. Tuy vậy với niềm cảm hứng đến từ cuộc lội ngược d&ograve;ng kh&ocirc;ng tưởng của Barca trước PSG ở Nou Camp. Đ&oacute; sẽ l&agrave; điểm tựa tinh thần gi&uacute;p cho <span style="color:#FF0000">Porto c&oacute; thể nghĩ tới một cuộc lật đổ tr&ecirc;n s&acirc;n Juventus Arena..</span></p>\r\n\r\n<p style="text-align:justify">&nbsp;</p>\r\n\r\n<p style="text-align:justify">Để c&oacute; thể ho&agrave;n th&agrave;nh mục ti&ecirc;u, Porto cần phải ghi &iacute;t nhất 3 b&agrave;n hoặc nhiều hơn để vượt qua Juve. Hoặc cần thắng lại &ldquo;L&atilde;o b&agrave;&rdquo; 2-0 v&agrave; giữ vững tỷ số n&agrave;y trong hiệp ch&iacute;nh v&agrave; hiệp phụ để đưa trận đấu đến chấm đ&aacute; lu&acirc;n lưu.</p>\r\n\r\n<p style="text-align:justify">&nbsp;</p>\r\n\r\n<p style="text-align:justify">Thế nhưng, mục ti&ecirc;u của Porto dường như l&agrave; bất khả thi bởi ngay cả khi được đ&aacute; tại s&acirc;n Dragao, c&aacute;c học tr&ograve; của Nuno Santo c&ograve;n kh&ocirc;ng tung nổi một c&uacute; s&uacute;t về khung th&agrave;nh Buffon. V&agrave; chưa kể đội b&oacute;ng đến từ Italia c&oacute; rất nhiều kinh nghiệm ở đấu trường ch&acirc;u &Acirc;u v&agrave; họ c&ograve;n được chơi tr&ecirc;n s&acirc;n nh&agrave;.</p>\r\n\r\n<p style="text-align:justify">&nbsp;</p>\r\n\r\n<p style="text-align:justify">Cuối tuần qua,&nbsp;<u>Juventus</u>&nbsp;vừa thắng Milan 2-1 để k&eacute;o d&agrave;i chuỗi trận thắng s&acirc;n nh&agrave; li&ecirc;n tiếp tại Serie A l&ecirc;n con số 31. Nhưng c&oacute; một nghịch l&yacute; đối với &ldquo;L&atilde;o b&agrave;&rdquo; ở m&ugrave;a giải năm nay khi ở Champions League, trong tổng số 3 trận s&acirc;n nh&agrave; gần nhất Juve chỉ thắng 1 trận trước &ldquo;hạt ti&ecirc;u&rdquo; Dinamo Zagreb (2 trận h&ograve;a trước Sevilla v&agrave; Lyon).</p>\r\n\r\n<p style="text-align:justify">&nbsp;</p>\r\n\r\n<p style="text-align:justify">Nếu như muốn chứng tỏ sức mạnh thực sự của nh&agrave; v&ocirc; địch, Juventus cần lấy lại h&igrave;nh của một chiến binh tr&ecirc;n s&acirc;n nh&agrave;, đ&oacute; l&agrave; điều c&ograve;n thiếu để gi&uacute;p họ c&oacute; thể tiến s&acirc;u ở giải đấu năm nay v&agrave; th&ecirc;m một chiến thắng nữa sẽ l&agrave; nguồn cổ vũ tinh thần rất lớn đối với c&aacute;c CĐV c&oacute; mặt tr&ecirc;n s&acirc;n.</p>\r\n', 3, 'VNE-1489493423.jpg'),
(103, 'Chelsea – MU: Ăn vạ, thẻ đỏ và tuyệt phẩm sút xa', '(Chelsea – MU, tứ kết FA Cup) Đội câu được thẻ đỏ đã giành được quyền đi tiếp nhờ một cú sút xa tuyệt đẹp.', '<p><span style="color:rgb(0, 0, 0); font-family:arial,helvetica,sans-serif">Những ph&uacute;t sau đ&oacute;, hai đội chơi giằng co v&agrave; xuất hiện rất nhiều những pha tranh b&oacute;ng quyết liệt v&agrave; phạm lỗi, đặc biệt từ ph&iacute;a&nbsp;</span><a class="TextlinkBaiviet" href="http://www.24h.com.vn/manchester-united-c48e1521.html" style="font-family: Arial, Helvetica, sans-serif; text-decoration-line: none; color: rgb(0, 0, 255); text-align: justify;" title="MU">MU</a><span style="color:rgb(0, 0, 0); font-family:arial,helvetica,sans-serif">. Kết quả đến ph&uacute;t 35 đội kh&aacute;ch chỉ c&ograve;n 10 người tr&ecirc;n s&acirc;n sau khi Herrera nhận thẻ v&agrave;ng thứ 2. Đ&aacute;ng ch&uacute; &yacute;, thẻ v&agrave;ng đầu ti&ecirc;n của Herrera ở ph&uacute;t 19&nbsp;đến từ một pha ng&atilde; rất kh&eacute;o của Hazard v&agrave; qua mặt được trọng t&agrave;i.</span></p>\n', 3, 'VNE-1489493232.jpg'),
(104, 'Nhiều trường ĐH tuyển thẳng học sinh giỏi THPT: Ảo, vỡ trận?', 'Mùa tuyển sinh 2017, một số trường Đại học dự kiến ngoài xét tuyển bằng kết quả thi THPT quốc gia sẽ xét tuyển thẳng học sinh giỏi THPT và học sinh các trường THPT chuyên trên toàn quốc. Điều này khiến nhiều chuyên gia giáo dục băn khoăn lo sẽ gia tăng tỷ lệ ảo cho các trường đại học khác.', '<p style="text-align:justify">TS Nguyễn Đ&agrave;o T&ugrave;ng, Trưởng ban Quản l&yacute; đ&agrave;o tạo, Học viện T&agrave;i ch&iacute;nh cho biết năm 2017, Học viện tiếp tục&nbsp;<a class="TextlinkBaiviet" href="http://www.24h.com.vn/tuyen-sinh-dh-cd-c365.html" style="text-decoration-line: none; color: rgb(0, 0, 255);" title="tuyển sinh">tuyển sinh</a>&nbsp;bằng hai h&igrave;nh thức như năm 2016. Theo đ&oacute;, trường d&agrave;nh 2.000 chỉ ti&ecirc;u (50% chỉ ti&ecirc;u) để x&eacute;t tuyển thẳng dựa v&agrave;o kết quả học tập THPT.&nbsp;</p>\n\n<p style="text-align:justify">Đ&oacute; l&agrave; những th&iacute; sinh ở c&aacute;c trường THPT tr&ecirc;n to&agrave;n quốc học lực giỏi, c&oacute; hạnh kiểm 3 năm PTTH đạt loại tốt v&agrave; c&oacute; kết quả điểm IELTS 5.5 điểm hoặc&nbsp;TOEFL&nbsp;ITP 550 điểm,&nbsp;TOEFL&nbsp;iBT 55 điểm, hoặc c&oacute; giải nhất, nh&igrave;, ba cấp th&agrave;nh phố/cấp tỉnh trở l&ecirc;n c&aacute;c m&ocirc;n&nbsp;(To&aacute;n, Tin học, Vật l&yacute;, H&oacute;a học, tiếng Anh, Ngữ văn); Những th&iacute; sinh c&oacute; lực học loại giỏi trở l&ecirc;n trong cả 3 năm học tại&nbsp; trường PTTH c&ocirc;ng lập tr&ecirc;n phạm vi cả nước;&nbsp;v&agrave; c&oacute; hạnh kiểm 3 năm PTTH đạt loại tốt.</p>\n\n<p style="text-align:justify">&Ocirc;ng T&ugrave;ng cho biết,&nbsp; năm 2016, c&oacute; 3.500 hồ sơ nộp v&agrave;o trường đăng k&yacute; x&eacute;t tuyển thẳng bằng kết quả thi THPT quốc gia. Trường gọi 2.500 hồ sơ th&igrave; c&oacute; 1.700 th&iacute; sinh nhập học. &ldquo;T&ocirc;i thấy kết quả học tập của những th&iacute; sinh n&agrave;y tại trường tốt. Trong số th&iacute; sinh được tuyển thẳng c&oacute; 20 th&iacute; sinh được giải quốc gia, quốc tế, những th&iacute; sinh c&oacute; kết quả điểm IELTS v&agrave; TOEFL v&agrave;o học rất tốt&rdquo; - &ocirc;ng T&ugrave;ng khẳng định. &Ocirc;ng T&ugrave;ng cũng cho hay, vừa qua, đ&atilde; c&oacute; một số trường ĐH đến học hỏi kinh nghiệm của Học viện T&agrave;i ch&iacute;nh.</p>\n\n<p style="text-align:justify">Tuy nhi&ecirc;n, &ocirc;ng T&ugrave;ng cho biết th&ecirc;m năm nay tuyển sinh tr&ecirc;n tinh thần như năm 2016 nhưng sẽ c&oacute; một số điều chỉnh.</p>\n\n<p style="text-align:justify">Trao đổi với&nbsp;Tiền Phong,&nbsp;TS Ph&ugrave;ng Gia Thế, Trưởng ph&ograve;ng Đ&agrave;o tạo trường ĐH Sư phạm H&agrave; Nội 2 cũng cho biết, năm 2017, trường sẽ đa dạng h&oacute;a c&aacute;c h&igrave;nh thức x&eacute;t tuyển sinh, b&ecirc;n cạnh h&igrave;nh thức x&eacute;t tuyển bằng kết quả thi THPT quốc gia của Bộ GD&amp;ĐT&nbsp; sẽ kết hợp x&eacute;t tuyển học bạ&nbsp; THPT v&agrave; x&eacute;t tuyển thẳng đối với&nbsp; học sinh giỏi. &ldquo;V&iacute; dụ như học sinh giỏi đạt giải quốc gia, c&oacute; thể trường sẽ trực tiếp về c&aacute;c trường THPT để tuyển&rdquo; - &ocirc;ng Thế cho hay.</p>\n', 32, 'VNE-1489495362.jpg'),
(106, 'Mourinho bất ngờ muốn đưa Sanchez và Oezil về MU', 'Truyền thông Anh đưa tin huấn luyện viên Mourinho có kế hoạch chiêu mộ Alexis Sanchez và Mesut Oezil của Arsenal. Hai ngôi sao sẽ hết hợp đồng với đội chủ sân Emirates vào hè 2018.', '<p>Trang&nbsp;<em>Football London</em>&nbsp;đ&aacute;nh gi&aacute; huấn luyện vi&ecirc;n Jose Mourinho sẽ kh&ocirc;ng dễ đưa hai ng&ocirc;i sao n&agrave;y về MU. L&yacute; do l&agrave; nhiều đội b&oacute;ng h&agrave;ng đầu ch&acirc;u &Acirc;u đều muốn sở hữu Sanchez v&agrave; Oezil. Cụ thể, PSG, Juventus, Atletico Madrid v&agrave; c&aacute;c đội b&oacute;ng của Trung Quốc sẵn s&agrave;ng trải thảm đỏ mời họ về thi đấu.</p>\r\n\r\n<p>Kh&ocirc;ng chỉ c&oacute; c&aacute;c c&acirc;u lạc bộ b&ecirc;n ngo&agrave;i nước Anh, Chelsea v&agrave; Man City cũng sẵn s&agrave;ng tham gia cuộc đua gi&agrave;nh chữ k&yacute; của bộ đ&ocirc;i ng&ocirc;i sao Arsenal. Tuy nhi&ecirc;n, đội chủ s&acirc;n Emirates tuyến bố kh&ocirc;ng muốn b&aacute;n ng&ocirc;i sao cho c&aacute;c đối thủ ở Premier League.</p>\r\n', 3, 'VNE-1489497261.jpg'),
(108, 'Logan đạt tổng doanh thu 438 triệu USD toàn cầu', '“Logan” là lần hóa thân Wolverine cuối cùng của Hugh Jackman. Bom tấn siêu anh hùng gắn nhãn R này đạt nhiều thành công về doanh thu và đạt nhiều khen ngợi từ giới phê bình.', '<p><span style="color:rgb(34, 34, 34); font-family:noto serif,serif; font-size:18px">Ngay trong ng&agrave;y đầu ti&ecirc;n ra mắt, &ldquo;Logan&rdquo; đ&atilde; mang về 33 triệu USD v&agrave; đứng đầu bảng xếp hạng tại nhiều quốc gia. Sau 3 ng&agrave;y cuối tuần, phim thu về 85,3 triệu USD tại Bắc Mỹ. C&ograve;n tr&ecirc;n thế giới, phim thu về 152,2 triệu USD, từ đ&oacute; n&acirc;ng tổng doanh thu to&agrave;n cầu l&ecirc;n 237,8 triệu USD. Mức doanh thu n&agrave;y kh&aacute; th&agrave;nh c&ocirc;ng so với kinh ph&iacute; 97 triệu USD.</span></p>\r\n', 2, 'VNE-1489497752.jpg'),
(109, 'Diễn viên Trung Quốc chạy khỏi Hollywood vì lép vế trong các bom tấn', 'Ngày càng nhiều các diễn viên của Trung Quốc rời bỏ "thiên đường điện ảnh" Hollywood để trở về quê nhà.', '', 2, 'VNE-1489496912.jpg');

-- --------------------------------------------------------

--
-- Table structure for table `users`
--

CREATE TABLE `users` (
  `id_user` int(255) NOT NULL,
  `username` varchar(120) COLLATE utf8_unicode_ci NOT NULL,
  `password` varchar(120) COLLATE utf8_unicode_ci NOT NULL,
  `fullname` varchar(200) COLLATE utf8_unicode_ci NOT NULL
) ENGINE=InnoDB DEFAULT CHARSET=utf8 COLLATE=utf8_unicode_ci;

--
-- Dumping data for table `users`
--

INSERT INTO `users` (`id_user`, `username`, `password`, `fullname`) VALUES
(1, 'admin', 'd359832e7d4bc717331e0a9abe52737f', 'Võ Văn Mải'),
(2, 'trantrunghieu', '7a386acb9e2b1d09512b5e74934acdff', 'Trần Trung Hiếu'),
(3, 'user1', '202cb962ac59075b964b07152d234b70', 'Nguyễn Văn Andfdf'),
(13, 'vanmai', '25d55ad283aa400af464c76d713c07ad', 'vova'),
(15, 'trunghieu', '202cb962ac59075b964b07152d234b70', 'trantrunghieu');

--
-- Indexes for dumped tables
--

--
-- Indexes for table `category`
--
ALTER TABLE `category`
  ADD PRIMARY KEY (`id_cat`);

--
-- Indexes for table `news`
--
ALTER TABLE `news`
  ADD PRIMARY KEY (`id_news`);

--
-- Indexes for table `users`
--
ALTER TABLE `users`
  ADD PRIMARY KEY (`id_user`);

--
-- AUTO_INCREMENT for dumped tables
--

--
-- AUTO_INCREMENT for table `category`
--
ALTER TABLE `category`
  MODIFY `id_cat` int(255) NOT NULL AUTO_INCREMENT, AUTO_INCREMENT=34;
--
-- AUTO_INCREMENT for table `news`
--
ALTER TABLE `news`
  MODIFY `id_news` int(255) NOT NULL AUTO_INCREMENT, AUTO_INCREMENT=111;
--
-- AUTO_INCREMENT for table `users`
--
ALTER TABLE `users`
  MODIFY `id_user` int(255) NOT NULL AUTO_INCREMENT, AUTO_INCREMENT=16;
/*!40101 SET CHARACTER_SET_CLIENT=@OLD_CHARACTER_SET_CLIENT */;
/*!40101 SET CHARACTER_SET_RESULTS=@OLD_CHARACTER_SET_RESULTS */;
/*!40101 SET COLLATION_CONNECTION=@OLD_COLLATION_CONNECTION */;
